Kanji,Meaning,Radicals
大,Big,Big
人,Person,Person
七,Seven,Seven
十,Ten,Cross
工,Construction,Construction
九,Nine,Nine
八,Eight,Fins
二,Two,Two
上,Above,Toe + Ground
下,Below,Ground + Toe
入,Enter,Enter
口,Mouth,Mouth
力,Power,Power
川,River,River
一,One,Ground
三,Three,Two + Ground
山,Mountain,Mountain
女,Woman,Woman
又,Again,Stool
文,Writing,Writing
刀,Sword,Sword
中,Middle,Middle
土,Dirt,Dirt
日,Sun,Sun
田,Rice Paddy,Rice Paddy
五,Five,Five
立,Stand,Stand
玉,Ball,King + Drop
火,Fire,Fire
才,Genius,Cross + Slide
々,Repeater,Prison + Drop
了,Finish,Barb + Barb
千,Thousand,Thousand
月,Moon,Moon
石,Stone,Stone
丁,Street,Street
夕,Evening,Evening
目,Eye,Eye
白,White,White
木,Tree,Tree
円,Yen,Head + Lid
四,Four,Mouth + Legs
六,Six,Lid + Fins
出,Exit,Mountain
犬,Dog,Dog
子,Child,Child
手,Hand,Hand
左,Left,Narwhal + Construction
正,Correct,Ground + Stop
天,Heaven,Heaven
王,King,King
小,Small,Small
右,Right,Narwhal + Mouth
本,"Book, Real, Origin",Book
丸,Circle,Nine + Drop
水,Water,Water
万,Ten Thousand,Leaf + Sword
用,Task,Task
久,Long Time,Prison + Slide
元,Origin,Origin
兄,Older Brother,Mouth + Legs
午,Noon,Slide + Dry
太,Fat,Big + Drop
毛,Fur,Fur
方,Direction,Direction
外,Outside,Evening + Toe
公,Public,Fins + Private
引,Pull,Bow + Stick
生,Life,Life
戸,Door,Door
切,Cut,Seven + Sword
少,Few,Small + Slide
市,City,Lid + Towel
牛,Cow,Cow
分,Part,Fins + Sword
母,Mother,Sun + Drop + Drop
矢,Arrow,Arrow
止,Stop,Stop
北,North,Fingers + Spoon
冬,Winter,Winter + Two
友,Friend,Narwhal + Stool
広,Wide,Mullet + Private
今,Now,Now
内,Inside,Head + Person
半,Half,Triceratops + Dry
古,Old,Old
台,Machine,Private + Mouth
心,Heart,Heart
父,Father,Father
先,Previous,Slide + Dirt + Legs
代,"Substitute, Period, Age",Leader + Ceremony
皮,Skin,Slide + Branch
平,"Peace, Flat",Dry + Horns
皿,Plate,Plate
虫,Insect,Insect
礼,Thanks,Spirit + Umbrella
央,Center,Big + Head
氷,Ice,Drop + Water
村,Village,Tree + Measurement
休,Rest,Leader + Tree
赤,Red,Red
貝,Shellfish,Shellfish
申,Say Humbly,Cross + Mouth
字,"Letter, Character",Roof + Child
竹,Bamboo,Bamboo
主,Master,Master
百,Hundred,Leaf + Sun
早,"Early, Fast",Sun + Cross
去,Past,Dirt + Private
男,Man,Rice Paddy + Power
写,Copy,Forehead + Beggar + Ground
車,Car,Car
見,See,See
花,Flower,Flowers + Leader + Spoon
打,Hit,Fingers + Street
名,Name,Evening + Mouth
耳,Ear,Ear
糸,Thread,Thread
号,Number,Mouth + Ground + Prison
町,Town,Rice Paddy + Street
不,Not,Not
仕,Doing,Leader + Samurai
年,Year,Gun + Cow
世,"World, Generation",World
足,Foot,Foot
他,Other,Leader + Alligator
気,"Energy, Spirit",Energy + Treasure
交,Mix,Lid + Father
多,Many,Evening + Evening
里,Home Village,Village
自,Self,Self
池,Pond,Tsunami + Alligator
空,Sky,Roof + Legs + Construction
当,Correct,Triceratops + Wolverine
肉,Meat,Meat
麦,Wheat,Life + Winter
草,Grass,Flowers + Sun + Cross
売,Sell,Samurai + Forehead + Legs
羽,Feather,Feathers
西,West,West
声,Voice,Samurai + Flag + Stick
金,Gold,Gold
谷,Valley,Fins + Hat + Mouth
走,Run,Run
雨,Rain,Rain
林,Forest,Tree + Tree
図,Diagram,Mouth + Treasure + Ice
形,"Shape, Appearance",Lantern + Hair
光,"Sunlight, Light",Triceratops + Pi
回,"Times, Revolve",Mouth + Mouth
色,Color,Color
角,"Angle, Corner",Prison + Task
音,Sound,Stand + Sun
米,Rice,Rice
行,Go,Go
作,Make,Leader + Key
社,Company,Spirit + Dirt
来,Come,Ground + Rice
弟,Younger Brother,Horns + Bow + Stick + Slide
同,Same,Mustache + Ground
言,Say,Say
会,Meet,Meet
近,"Near, Close",Treadmill + Axe
考,Think,Coffin + Beggar
毎,Every,Gun + Window
青,Blue,Blue
学,"Study, Learning",Viking + Child
何,What,Leader + Lip Ring
体,Body,Leader + Book
前,"Before, Front",Horns + Ground + Moon + Knife
地,"Earth, Ground",Dirt + Alligator
首,Neck,Neck
海,"Sea, Ocean",Tsunami + Gun + Window
向,"Yonder, Facing",Drop + Head + Mouth
茶,Tea,Flowers + Hat + Angel
妹,Younger Sister,Woman + Jet
有,Have,Narwhal + Moon
画,"Drawing, Painting",Leaf + Rice Paddy + Box
室,Room,Roof + Ground + Private + Dirt
京,Capital,Lid + Mouth + Small
姉,Older Sister,Woman + Lid + Towel
直,"Fix, Direct",Lion + Cross + Eye
全,"All, Whole",Hat + King
血,Blood,Blood
歩,Walk,Stop + Small + Slide
羊,Sheep,Sheep
食,"Eat, Meal",Eat
後,"Behind, After, Back",Loiter + Trash + Winter
点,Point,Fortune + Boil
国,Country,Mouth + King + Drop
化,Change,Leader + Spoon
知,Know,Arrow + Mouth
科,Science,Grain + Ladle
夜,Night,Lid + Leader + Winter + Drop
思,Think,Rice Paddy + Heart
南,South,Cross + Head + Sheep
亡,Death,Death
明,Bright,Sun + Moon
店,"Shop, Store",Mullet + Fortune
州,State,River + Drop
両,Both,Ground + Head + Mountain
曲,Music,Mouth + Twenty
安,"Relax, Cheap",Roof + Woman
長,Long,Long
東,East,Cross + Rice Paddy + Fins
星,Star,Sun + Life
死,Death,Yakuza + Spoon
活,Lively,Tsunami + Thousand + Mouth
次,Next,Ice + Lack
弱,Weak,Bow + Ice
黒,Black,Black
教,Teach,Teacher + Winter
雪,Snow,Rain + Wolverine
以,"By Means Of, By Way Of",Lion + Drop + Person
夏,Summer,Leaf + Eye + Winter
通,Pass Through,Treadmill + Mama + Task
週,Week,Treadmill + Circumference
強,Strong,Bow + Private + Insect
組,Group,Top Hat + Thread
必,Certain,Heart + Slide
家,"House, Home",Roof + Pig
札,"Bill, Label, Notes",Tree + Umbrella
魚,Fish,Fish
鳥,Bird,Bird
船,Boat,Boat + Fins + Mouth
黄,Yellow,Yellow
由,Reason,Cross + Mouth
校,School,Tree + Lid + Father
高,"Tall, High, Expensive",Lid + Mouth + Mustache
失,Fault,Husband + Slide
辺,Area,Treadmill + Sword
紙,Paper,Thread + Clan
時,"Time, O'clock, Hour",Sun + Temple
未,Not Yet,Jet
付,Attach,Leader + Measurement
風,Wind,Table + Insect + Slide
記,"Write Down, Record",Say + Oneself
欠,Lack,Lack
氏,"Family Name, Surname",Clan
末,End,Jet
理,Reason,King + Village
民,Peoples,Clan + Mouth
局,Bureau,Flag + Cape + Mouth
森,"Woods, Forest",Tree
医,Medicine,Arrow + Cage
番,Number In A Series,Sickle + Rice Paddy
住,Dwelling,Leader + Master
決,Decide,Tsunami + Hook + Person
場,Location,Dirt + Easy
助,Help,Top Hat + Power
身,"Body, Somebody",Self + Slide
話,"Talk, Speak",Say + Tongue
楽,"Comfort, Ease",Ice + White + Tree
電,Electricity,Rain + Rice Paddy + Umbrella
君,Buddy,Wolverine + Slide + Mouth
朝,Morning,Cross + Sun + Moon
合,Suit,Suit
研,Sharpen,Stone + Lantern
究,Research,Hole + Nine
馬,Horse,Horse
反,Anti,Cliff + Stool
買,Buy,Net + Shellfish
対,Versus,Writing + Measurement
支,Support,Branch
投,Throw,Fingers + Weapon
者,Someone,Coffin + Sun
間,Interval,Gate + Sun
絵,"Drawing, Painting",Thread + Meet
答,Answer,Bamboo + Suit
役,"Service, Duty",Loiter + Weapon
数,"Count, Number",Rice + Woman + Winter
所,Place,Door + Axe
道,Road,Treadmill + Neck
雲,Cloud,Rain + Cloud
具,Tool,Eye + Ground + Fins
服,Clothes,Moon + Stamp + Stool
負,Lose,Prison + Shellfish
送,Send,Treadmill + Horns + Heaven
新,New,Stand + Tree + Axe
和,"Peace, Japanese Style",Grain + Mouth
使,Use,Leader + Ground + History
重,Heavy,Heavy
発,Departure,Tent + Lantern
返,Return,Treadmill + Anti
部,Part,Clown + Building
美,Beauty,Horns + King + Big
乗,Ride,Grain + Mouth
始,Begin,Woman + Machine
県,Prefecture,Eye + Lion + Small
仮,Temporary,Leader + Anti
談,Discuss,Say + Fire
事,"Action, Thing",Cross + Mouth + Brush
泳,Swim,Tsunami + Drop + Water
定,Determine,Roof + Coat Rack
勝,Win,Moon + Horns + Train + Power
苦,Suffering,Flowers + Old
界,World,Rice Paddy + Hut
持,Hold,Fingers + Temple
待,Wait,Loiter + Temple
予,Beforehand,Mama + Street
客,Guest,Roof + Winter + Mouth
相,Mutual,Tree + Eye
要,Need,Helicopter + Woman
屋,Roof,Flag + Ground + Private + Dirt
表,Express,Life + Kick
度,Degrees,Hick + Stool
実,"Truth, Reality",Roof + Train
受,"Accept, Receive",Cleat + Forehead + Stool
物,Thing,Cow + Wing
調,Investigate,Say + Circumference
速,Fast,Treadmill + Bundle
酒,Alcohol,Tsunami + Alcohol
葉,Leaf,Flowers + World + Tree
業,Business,Spikes + Sheep + Fins
軽,Lightweight,Car + Tombstone
読,Read,Say + Sell
病,"Sick, Illness",Sick + Dynamite
習,Learn,Feathers + White
算,Calculate,Bamboo + Eye + Twenty
院,Institution,Building + Roof + Origin
飲,Drink,Eat + Lack
顔,Face,Stand + Cliff + Hair + Geoduck
路,Road,Foot + Kiss
聞,Hear,Gate + Ear
最,Most,Sun + Ear + Stool
転,Revolve,Car + Cloud
漢,Chinese,Tsunami + Chinese
親,Parent,Stand + Tree + See
語,Language,Say + Five + Mouth
歌,"Song, Sing",Lip Ring + Lack
集,"Collect, Gather",Turkey + Tree
配,Distribute,Alcohol + Oneself
起,Wake Up,Run + Oneself
鉄,Iron,Gold + Fault
鳴,Chirp,Mouth + Bird
横,Side,Tree + Yellow
落,Fall,Flowers + Tsunami + Kiss
開,Open,Gate + Lantern
運,"Carry, Luck",Treadmill + Forehead + Car
農,"Farming, Agriculture",Music + Landslide
線,Line,Thread + White + Water
進,Advance,Treadmill + Turkey
終,"End, Finish",Thread + Winter + Two
頭,Head,Beans + Geoduck
競,Compete,Stand + Older Brother
位,Rank,Leader + Stand
低,Low,Leader + Clan + Ground
労,Labor,Viking + Power
昔,Long Ago,Blackjack + Sun
特,Special,Cow + Temple
波,Wave,Tsunami + Skin
意,Idea,Sound + Heart
共,Together,Blackjack + Fins
戦,"War, Battle",Simple + Drunkard
育,"Nurture, Raise",Boob + Moon
伝,"Transmit, Tell",Leader + Cloud
努,Toil,Woman + Stool + Power
神,God,Spirit + Humble
働,"Work, Labor",Leader + Heavy + Power
級,"Rank, Grade, Level",Thread + Escalator
仲,Relationship,Leader + Middle
老,Elderly,Coffin + Spoon
味,"Flavor, Taste",Mouth + Jet
命,Fate,Orders + Mouth
便,Convenience,Leader + Ground + Rice Paddy + Treasure
初,First,Spirit + Sword
拾,Pick Up,Fingers + Suit
岸,"Coast, Shore",Mountain + Cliff + Dry
功,"Achievement, Accomplishment",Construction + Power
良,Good,Drop + Root
好,Like,Woman + Child
指,Finger,Fingers + Spoon + Sun
放,Release,Direction + Winter
令,Orders,Orders
利,Profit. Benefit,Grain + Knife
成,Become,Drunkard + Sword
秒,Second,Grain + Few
追,"Follow, Chase",Treadmill + Bear
注,Pour,Tsunami + Master
争,Conflict,Prison + Wolverine + Barb
別,Separate,Mouth + Sword + Knife
洋,"Western Style, Ocean",Tsunami + Sheep
植,Plant,Tree + Fix
階,"Floor, Story",Building + Compare + White
短,Short,Arrow + Beans
島,Island,Bird + Mountain
泉,"Spring, Fountain",White + Water
温,Warm,Tsunami + Sun + Plate
深,Deep,Tsunami + Pi + Tree
員,Member,Mouth + Shellfish
第,Ordinal Number Prefix,Bamboo + Younger Brother
族,"Tribe, Family",Direction + Gun + Arrow
庭,Garden,Mullet + Yoga + King
動,Move,Heavy + Power
商,Merchandise,Stand + Legs + Mustache
根,Root,Tree + Root
悲,Sad,Criminal + Heart
暑,"Hot, Hot Weather",Sun + Someone
勉,Exertion,Excuse + Power
登,Climb,Tent + Beans
寒,Cold,Roof + Train + Ice
章,Chapter,Stand + Early
童,Juvenile,Stand + Village
悪,Bad,Tie Fighter + Heart
都,Metropolis,Someone + Building
流,Stream,Tsunami + Boob + River
消,Extinguish,Tsunami + Triceratops + Moon
歯,Tooth,Stop + Box + Rice
野,Field,Village + Beforehand
港,Harbor,Tsunami + Blackjack + Fins + Oneself
球,"Sphere, Ball",King + Lid + Water
祭,Festival,Tent + Jackhammer
着,Wear,Horns + King + Slide + Eye
息,Breath,Self + Heart
倍,"Double, Times, Multiply",Leader + Clown
湯,Hot Water,Tsunami + Easy
旅,"Trip, Travel",Direction + Gun + Tofu
陽,"Sunshine, Sunlight",Building + Easy
期,"Period Of Time, Time Period",Crab + Moon
駅,"Station, Train Station",Horse + Shrimp
問,Problem,Gate + Mouth
様,Formal Name Title,Tree + Sheep + Water
士,Samurai,Samurai
疑,Doubt,Spoon + Arrow + Mama + Coat Rack
想,Concept,Tree + Eye + Heart
熱,Heat,Womb + Circle + Boil
感,Feeling,Drunkard + Creeper + Heart
情,"Feeling, Emotion",Soul + Blue
整,"Arrange, Organize",Bundle + Winter + Correct
億,Hundred Million,Leader + Idea
養,Foster,Sheep + Fins + Good
標,Signpost,Tree + Helicopter + Jackhammer
練,Practice,Thread + East
福,Luck,Spirit + Scarecrow
暗,Dark,Sun + Stand + Sun
謝,Apologize,Say + Body + Measurement
橋,Bridge,Tree + Heaven + Mouth + Mustache
輪,"Wheel, Ring, Loop",Car + Roof + Bookshelf
詩,Poem,Say + Temple
器,"Container, Vessel",Products + Big
皆,"All, Everyone, Everything",Compare + White
映,Reflect,Sun + Center
銀,Silver,Gold + Root
像,"Statue, Image",Leader + elephant
願,Request,original + Geoduck
宿,Lodge,Roof + Leader + Hundred
賞,Prize,Viking + Mouth + Shellfish
館,Public Building,Eat + Roof + Bear
題,Topic,Sun + Coat Rack + Geoduck
料,"Fee, Material",Rice + ladle
殺,Kill,Treasure + Tree + Weapon
選,Choose,Treadmill + Oneself + Blackjack + Fins
課,Section,Say + Fruit
然,Nature,Moon + Dog + Boil
鏡,Mirror,Gold + Stand + See
緑,Green,Thread + Wolverine + Water
念,Thought,Now + Heart
技,Skill,Fingers + Branch
完,Perfect,Roof + Origin
的,"Target, ~al, ~like",White + Pool
囲,Surround,Mouth + Well
私,"I, Private",Grain + Private
芸,"Acting, Art",Flowers + Cloud
残,Remainder,Yakuza + Bar
卒,Graduate,Lid + Person + Cross
基,Foundation,Crab + Dirt
性,"Gender, Nature",Soul + Life
術,Art,Go + Angel + Drop
妥,Gentle,Cleat + Woman
参,Participate,Private + Big + Hair
望,Hope,Death + Moon + King
材,Lumber,Tree
束,Bundle,Bundle
雰,Atmosphere,Rain + Part
例,Example,Leader + Yakuza + Knife
希,Wish,Treasure + Narwhal + Towel
格,Status,Tree + Kiss
協,Cooperation,Cross + Power
季,Seasons,Grain + Child
固,Hard,Mouth + Old
求,Request,Ground + Drop + Water
周,Circumference,Circumference
約,Promise,Thread + Pool
能,Ability,Private + Moon + Spoon
骨,Bone,Mustache + Forehead + Moon
頑,Stubborn,Origin + Geoduck
折,Fold. Bend,Fingers + Axe
松,Pine,Tree + Public
坂,Slope,Dirt + Anti
式,Ritual,Ceremony + Construction
法,"Method, Law",Tsunami + past
毒,Poison,Life + Window
晩,Night,Sun + Excuse
区,"District, Ward",Cage + Treasure
昼,Noon,Shrimp + Sun + Ground
帰,"Return, Return Home",Knife + Wolverine + Forehead + Towel
岩,Boulder,Mountain + Stone
秋,"Autumn, Full",Grain + Fire
計,Measure,Say + Cross
単,Simple,Simple
司,Director,Creeper + Cape
昨,"Previous, Yesterday",Sun + Key
築,"Construct, Build",Bamboo + Saw + Tree
夫,Husband,Husband
春,Spring,Train + Sun
建,Build,Yoga + Brush
浅,Shallow,Tsunami + Bar
勇,"Courage, Bravery, Valor",Mama + Man
紀,"Account, Narrative",Thread + Oneself
列,Row,Yakuza + Knife
飯,"Meal, Food",Eat + Anti
寺,Temple,Temple
丈,Height,Height
晴,Clear Up,Sun + Blue
軍,Army,Forehead + Car
猫,Cat,Animal + Flowers + Rice Paddy
泣,Cry,Tsunami + Stand
英,England,Flowers + Center
変,"Change, Strange",Red + Winter
信,"Believe, Trust",Leader + Say
仏,Buddha,Leader + Private
存,Suppose,Narwhal + Stick + Child
辞,Quit,Tongue + Spicy
喜,"Rejoice, Delighted, Pleased, Happy",Drum + Mouth
険,"Risky, Steep",Building + Squid
専,Specialty,Cross + Rice Paddy + Measurement
留,Detain,Private + Sword + Rice Paddy
阪,"Heights, Slope",Building + Anti
曜,"Weekday, Day of the Week",Sun + Wolverine + Turkey
取,Take,Ear + Stool
守,Protect,Roof + Measurement
証,"Evidence, Proof",Say + Correct
門,"Gate, Gates",Gate
浴,Bathe,Tsunami + Valley
保,"Preserve, Guarantee",Leader + Mouth + Tree
危,Dangerous,Prison + Cliff + Snake
箱,Box,Bamboo + Tree + Eye
政,"Politics, Government",Correct + Winter
荷,Luggage,Flowers + Leader + Lip Ring
面,"Face, Surface",Face
冒,Dare,Sun + Eye
品,"Product, Article, Goods",Products
急,Hurry,Prison + Wolverine + Heart
関,"Related, Connected",Gate + Horns + Heaven
真,Reality,Pope + Ground + Fins
弁,"Dialect, Speech",Private + Twenty
治,"Cure, Heal, Reign, Rule",Tsunami + Machine
冗,"Superfluous, Unnecessary, Uselessness",Forehead + Table
典,Rule,Music + Fins
園,"Garden, Park",Mouth + Zombie
係,Connection,Leader + Ground + Thread
遠,Far,Treadmill + Zombie
書,"Write, Writing",Brush + Sun
府,Government,Mullet + Attach
笑,Laugh,Bamboo + Heaven
幸,Happiness,Lid + Spicy
側,Side,Leader + Shellfish + Knife
説,Theory,Say + Guard
原,"Original, Fundamental, Plain, Field",original
底,Bottom,Mullet + Clan + Ground
無,Nothing,Nothing
堂,"Hall, Public Chamber",Viking + Mouth + Dirt
官,Government,Roof + Bear
常,"Normal, Ordinary",Viking + Mouth + Towel
梅,"Ume, Japanese Plum",Tree + Gun + Window
識,"Discerning, Discriminating, Know",Say + Sound + Drunkard
塩,Salt,Dirt + Gun + Mouth + Plate
非,"Injustice, Negative, Mistake",Criminal
栄,"Prosperity, Flourish",Viking + Tree
果,Fruit,Fruit
兵,Soldier,Axe + Ground + Fins
警,"Warn, Admonish",Poem + Winter + Say
敗,Failure,Shellfish + Winter
恋,Romance,Red + Heart
覚,"Memorize, Awake",Viking + See
結,"Bind, Tie",Thread + Good Luck
席,Seat,Hick + Towel
幻,Illusion,Trash + Cape
署,"Government Office, Political Office",Net + Someone
因,Cause,Mouth + Big
渉,Ford,Tsunami + Walk
薬,"Medicine, Drug",Flowers + Comfort
虚,Void,Tiger + Spikes
察,Guess,Roof + Festival
干,"Dry, Dry Out",Dry
是,Absolutely,Sun + Correct
愛,Love,Cleat + Forehead + Heart + Winter
鼻,Nose,Self + Rice Paddy + Twenty
細,Thin,Thread + Rice Paddy
等,Equal,Bamboo + Temple
借,Borrow,Leader + Long Ago
験,Test,Horse + Squid
静,Quiet,Blue + Conflict
喫,Consume,Mouth + Master + Sword + Big
汽,Steam,Tsunami + Energy
焼,"Bake, Cook, Burn",Fire + Gambler
僧,"Priest, Monk",Leader + Mask
忘,Forget,Death + Heart
告,Announce,Slide + Dirt + Mouth
禁,Prohibition,Tree + Jackhammer
類,"Type, Category, Kind",Rice + Big + Geoduck
種,"Kind, Type",Grain + Heavy
訓,Instruction,Say + River
禅,"Zen, Zen Buddhism",Spirit + Simple
達,"Attain, Plural",Treadmill + Happiness
試,"Try, Attempt",Say + Construction + Ceremony
許,"Permit, Allow",Say + Noon
弓,Bow,Bow
句,"Paragraph, Phrase",Paragraph
座,"Sit, Seat",Mullet + Person + Dirt
胸,"Chest, Breast",Moon + Prison + Treasure Chest
祈,"Pray, Prayer",Spirit + Axe
脳,Brain,Moon + Grass + Treasure Chest
枚,Flat Objects Counter,Tree + Winter
煙,Smoke,Fire + Helicopter + Dirt
報,"News, Report",Happiness + Stamp + Stool
洗,Wash,Tsunami + Previous
可,Possible,Lip Ring
宙,Mid Air,Roof + Reason
笛,Flute,Bamboo + Reason
続,Continue,Thread + Sell
財,Wealth,Shellfish + Genius
布,Cloth,Narwhal + Towel
宇,Outer Space,Roof + Dry
暴,Violence,Sun + Together + Water
得,Acquire,Loiter + Sun + Temple
史,History,History
詞,Part Of Speech,Say + Director
歴,Continuation,Cliff + Tree + Stop
善,Morally Good,Sheep + Horns + Ground + Mouth
冊,Books Counter,Bookshelf
閥,"Clique, Clan",Gate + Leader + Drunkard
順,"Order, Sequence",River + Geoduck
団,Group,Mouth + Measurement
絡,"Entangle, Coil Around, Entwine",Thread + Kiss
容,"Form, Appearance, Shape, Figure",Roof + Valley
乱,Riot,Tongue + Umbrella
節,Season,Bamboo + Root + Stamp
昆,Descendants,Sun + Compare
困,"Distressed, Troubled",Mouth + Tree
若,Young,Flowers + Narwhal + Mouth
連,Take Along,Treadmill + Car
忙,Busy,Soul + Death
加,Add,Power + Mouth
履,Boots,Flag + Loiter + Black Hole
易,Easy,Easy
減,Decrease,Tsunami + Feeling
舌,Tongue,Tongue
改,Renew,Oneself + Winter
徒,"Junior, Follower",Loiter + Run
比,Compare,Compare
混,Mix,Tsunami + Sun + Compare
罪,Guilt,Net + Criminal
難,Difficult,Chinese + Turkey
機,Machine,Tree + Trash + Drunkard + Person
確,Certain,Stone + Forehead + Turkey
圧,Pressure,Cliff + Dirt
妻,Wife,Ground + Brush + Woman
震,Earthquake,Rain + Landslide
災,Disaster,Flood + Fire
夢,Dream,Flowers + Net + Forehead + Evening
率,Percent,Lid + Explosion + Trash + Cross
嫌,Dislike,Woman + Mona Lisa
産,"Give Birth, Birth",Stand + Cliff + Life
尾,Tail,Flag + Fur
議,Deliberation,Say + Righteousness
臭,"Stinking, Stinky, Smelly",Self + Big
尻,Butt,Flag + Nine
余,"Surplus, Excess",Hat + Jackhammer
厚,Thick,Cliff + Sun + Child
穴,"Hole, Cave",Hole
妨,"Obstruct, Impede",Woman + Direction
経,"Passage Of Time, Pass Through, Manage",Thread + Tombstone
裕,"Abundant, Plentiful",Spirit + Valley
械,Contraption,Tree + Drunkard + Twenty
犯,Crime,Animal + Snake
被,Incur,Spirit + Skin
個,Individual,Leader + Mouth + Old
害,"Damage, Injury, Harm",Roof + Life + Mouth
倒,"Overthrow, Collapse",Leader + Mole + Knife
論,Theory,Say + Roof + Bookshelf
防,"Prevent, Prevention",Building + Direction
在,Exist,Narwhal + Stick + Dirt
飛,Fly,★
制,Control,Life + Towel + Knife
断,Cut Off,Lion + Rice + Axe
企,Plan,Hat + Stop
資,Resources,Next + Shellfish
税,Tax,Grain + Guard
任,Duty,Leader + King
解,"Untie, Solve",Angle + Sword + Cow
義,Righteousness,Righteousness
審,Judge,Roof + Number
委,Committee,Woman + Grain
済,Come To An End,Tsunami + Simultaneous
認,Recognize,Say + Sword + Drop + Heart
岡,Hill,Head + Horns + Ground + Mountain
総,Whole,Thread + Public + Heart
務,Task,Spear + Winter + Power
検,Examine,Tree + Squid
批,Criticism,Fingers + Compare
評,Evaluate,Say + Peace
設,Establish,Say + Weapon
敵,Enemy,Mohawk + Winter
素,Element,Life + Thread
挙,Raise,Grass + Ground + Fins + Hand
派,Sect,Tsunami + Cliff + Tofu
際,Occasion,Building + Festival
責,Blame,Life + Shellfish
条,Clause,Winter + Tree
査,"Inspect, Investigate",Tree + Top Hat
権,Rights,Tree + Arrow + Turkey
増,Increase,Dirt + Mask
省,Conserve,Few + Eye
件,Matter,Leader + Cow
判,Judge,Knife + Half
罰,"Penalty, Punishment",Net + Say + Knife
坊,Monk,Dirt + Direction
援,"Aid, Assist",Fingers + Football
費,"Expense, Cost",Dollar + Shellfish
過,Surpass,Treadmill + Mustache
示,"Indicate, Show",Jackhammer
勢,Force,Womb + Circle + Power
置,Put,Net + Fix
応,Respond,Mullet + Heart
策,Plan,Bamboo + Tree + Head
賀,Congratulations,Power + Mouth + Shellfish
態,Appearance,Ability + Heart
副,"Vice, Side",Scarecrow + Knife
値,Value,Leader + Fix
案,Plan,Cheap + Tree
吸,"Suck, Inhale",Mouth + Escalator
藤,Wisteria,Flowers + Moon + Horns + Train + Water
営,Manage,Viking + Bathtub
観,View,Arrow + Turkey + See
領,Territory,Orders + Geoduck
寝,"Lie Down, Lay Down, Sleep",Roof + Fingers + Wolverine + Forehead + Stool
姿,"Figure, Shape, Form",Next + Woman
各,Each,Kiss
誕,Birth,Say + Yoga + Correct
脱,Undress,Moon + Guard
提,"Present, Submit",Fingers + Sun + Correct
宮,"Shinto Shrine, Shrine, Palace",Roof + Bathtub
統,Unite,Thread + Allocate
状,Condition,Fingers + Dog
域,"Region, Regional Boundary, Boundary",Dirt + Mouth + Ground + Drunkard
価,Value,Leader + Helicopter
律,Law,Loiter + Brush
現,Present Time,King + See
収,Obtain,Vines + Stool
幹,Tree Trunk,Cross + Sun + Hat + Dry
呼,Call,Mouth + Peace
宅,"House, Home",Roof + Slide + Seven
張,Stretch,Bow + Long
秀,Excel,Grain + Stairs
革,Leather,Leather
施,Carry Out,Direction + Gun + Alligator
乳,Milk,Cleat + Child + Umbrella
割,Divide,Roof + Master + Mouth + Knife
鬼,Demon,Demon
師,"Teacher, Expert, Master",Drop + Bear + Ground + Towel
崎,Cape,Mountain + Big + Lip Ring
俳,Haiku,Leader + Criminal
演,Perform,Tsunami + Roof +Leaf + Rice Paddy + Fins
優,"Superior, Gentle",Leader + Hundred + Forehead + Heart + Winter
準,Standard,Tsunami + Turkey + Cross
城,Castle,Dirt + Become
贅,Luxury,Dirt + Direction + Winter + Shellfish
備,"Provide, Equip",Leader + Flowers + Cliff + Task
則,Rule,Shellfish + Knife
停,Halt,Leader + restaurant
看,Watch Over,Hand + Eye
護,Defend,Say + Flowers + Turkey + Stool
導,Lead,Road + Measurement
裁,Judge,Cross + Clothes + Drunkard
職,Employment,Ear + Sound + Drunkard
沢,Swamp,Tsunami + Shrimp
規,Standard,Husband + See
管,Pipe,Bamboo + Roof + Bear
述,Mention,Treadmill + Angel + Drop
武,Military,Ground + Stop + Ceremony
境,Boundary,Dirt + Stand + See
質,Quality,Axe + Shellfish
環,Loop,King + Net + Ground + Zombie
祝,Celebrate,Spirit + Older Brother
販,Sell,Shellfish + Anti
触,Touch,Angle + Insect
狭,Narrow,Animal + Husband + Horns
輸,Transport,Car + Death Star
展,Expand,Flag + Blackjack + Kick
差,Distinction,Sheep + Slide + Construction
庁,"Agency, Government Office",Mullet + Street
株,"Stocks, Shares",Tree + Slide + Jet
載,Publish,Cross + Car + Drunkard
製,Manufacture,Control + Clothes
燃,Burn,Fire + Nature
量,"Quantity, Amount",Dawn + Village
肩,Shoulder,Door + Moon
層,Layer,Flag + Mask
型,"Model, Type",Lantern + Knife + Dirt
届,Deliver,Flag + Reason
担,"Carry, Bear",Fingers + Dawn
視,Look At,Spirit + See
腰,Waist,Moon + Helicopter + Woman
額,"Amount, Framed Picture, Forehead",Guest + Geoduck
供,"Servant, Companion",Leader + Together
違,Different,Treadmill + Korea
腕,Arm,Moon + Roof + Evening + Snake
象,"Elephant, Phenomenon",Elephant
影,Shadow,Sun + Capital + Hair
与,Give,Beggar + Ground
渡,Transit,Tsunami + Hick + Stool
訴,Sue,Say + Axe + Drop
捕,Catch,Fingers + Wedding
肥,Obese,Moon + Bed
絞,Strangle,Thread + Mix
構,"Set Up, Care",Tree + Lifeguard
巻,Scroll,Horns + Train + Oneself
満,Full,Tsunami + Flowers + Both
響,"Echo, Reverberation, Resound",Trash + Root + Building + Sound
豊,Plentiful,Music + Beans
含,Include,Now + Mouth
補,Supplement,Spirit + Wedding
票,Ballot,Helicopter + Jackhammer
候,"Climate, Candidate",Leader + Stick + Hook + Arrow
捜,Search,Fingers + Humble + Stool
慣,Accustomed,Soul + Rice Paddy + Shellfish
属,Belong,Flag + Mantis
鮮,Fresh,Fish + Sheep
訟,Lawsuit,Say + Public
抜,Extract,Fingers + Friend
逮,Apprehend,Treadmill + Brush + Water
隠,Hide,Building + Cleat + Wolverine + Heart
効,Effective,Mix + Power
居,Alive,Flag + Old
景,Scene,Sun + Capital
限,Limit,Building + Root
輩,Comrade,Criminal + Car
況,Condition,Tsunami + Older Brother
掛,Hang,Fingers + Dirt + Toe
替,"Replace, Exchange",Husband + Sun
模,Imitation,Tree + Greenhouse
従,"Obey, Accompany, Follow",Loiter + Horns + Correct
徴,"Indication, Sign",Loiter + Mountain + King + Winter
怪,Suspicious,Soul + Tombstone
我,"I, Me",Ego
突,Stab. Thrust,Hole + Big
針,Needle,Gold + Cross
河,River,Tsunami + Lip Ring
汗,Sweat,Tsunami + Dry
再,Again,Leaf + Task
較,Contrast,Car + Mix
印,"Seal, Mark",Comb + Stamp
接,Adjoin,Fingers + Stand + Woman
刺,Stab,Tree + Head + Knife
振,"Shake, Wave",Fingers + Landslide
障,Hinder,Building + Stand + Early
往,Depart,Loiter + Master
筆,Writing Brush,Bamboo + Brush
励,Encourage,Cliff + Ten Thousand + Power
創,Create,Warehouse + Knife
菓,Cake,Flowers + Fruit
授,Instruct,Fingers + Accept
討,Chastise,Say + Measurement
復,Restore,Loiter + Black Hole
造,Create,Treadmill + Announce
独,Alone,Animal + Insect
獣,"Beast, Animal",Grass + Rice Paddy + Creeper + Dog
占,Fortune,Fortune
激,"Fierce, Violent",Tsunami + White + Direction + Winter
鉛,Lead,Gold + Fins + Mouth
郵,Mail,Car + Building
豚,"Pork, Pig",Moon + Pig
故,"Circumstance, Reason",Old + Winter
貯,Savings,Shellfish + Roof + Street
迫,"Urge, Compel, Coerce",Treadmill + White
濃,Thick,Tsunami + Farming
胃,Stomach,Rice Paddy + Moon
腹,"Belly, Abdomen, Stomach",Moon + Black Hole
退,"Retreat, Reject",Treadmill + Root
給,Salary,Thread + Suit
眠,Sleep,Eye + Peoples
誘,Invite,Say + Grain + Stairs
症,Symptom,Sick + Correct
迷,Astray,Treadmill + Rice
極,Extreme,Tree + Mouth + Beggar + Stool + Ground
端,Edge,Stand + Mountain + Rake
締,Tighten,Thread + Stand + Towel
昇,Ascend,Sun + Slide + Twenty
惑,Misguided,Drunkard + Creeper + Heart
睡,Drowsy,Eye + Car
段,"Steps, Stairs",Comb + Weapon
郎,Guy,Good + Building
健,Healthy,Leader + Yoga + Brush
靴,Shoes,Leather + Change
就,Settle In,Capital + Dog
途,Route,Treadmill + Surplus
織,Weave,Thread + Sound + Drunkard
貸,Lend,Substitute + Shellfish
屈,Yield,Flag + Exit
痛,Pain,Sick + Mama + Task
康,Health,Mullet + Brush + Water
悩,Worry,Soul + Grass + Treasure Chest
暇,"Spare Time, Free Time",Sun + Comb + Cage + Stool
訪,Visit,Say + Direction
招,Beckon,Fingers + Sword + Mouth
怒,"Angry, Anger",Woman + Stool + Heart
撃,Attack,Car + Weapon + Hand
妙,Strange,Woman + Few
麗,Lovely,Lovely
隊,Squad,Building + Horns + Pig
衆,Populace,Blood + Hair + Tofu
冷,"Cool, Cold",Ice + Orders
稚,Immature,Grain + Turkey
奇,"Odd, Strange",Big + Lip Ring
婦,Wife,Woman + Wolverine + Forehead + Towel
券,Ticket,Horns + Train + Sword
絶,"Extinction, Die Out",Thread + Color
微,Delicate,Loiter + Mountain + Pi + Winter
逆,Reverse,Treadmill + Barracks
録,Record,Gold + Wolverine + Water
清,Pure,Tsunami + Blue
博,"Exhibition, Gambling",Cross + Specialty
潔,Pure,Tsunami + Life + Sword + Thread
修,Discipline,Leader + Stick + Winter + Hair
傘,Umbrella,Hat + Person + Cross
程,Extent,Grain + Mouth + King
憲,Constitution,Roof + Life + Net + Heart
益,Benefit,Horns + Ground + Fins + Plate
移,Shift,Grain + Evening + Evening
児,Child,Stick + Sun + Legs
並,Line Up,Horns + Ground + Spikes
凍,Frozen,Ice + East
巨,Giant,Giant
庫,"Storage, Warehouse",Mullet + Car
精,Spirit,Rice + Blue
処,Deal With,Winter + Table
綺,Beautiful,Thread + Big + Lip Ring
攻,"Aggression, Attack, Offense",Construction + Winter
浜,Beach,Tsunami + Axe + Ground + Fins
幼,"Infancy, Child",Trash + Power
江,"Inlet, Bay",Tsunami + Construction
壊,Break,Dirt + Cross + Net + Clothes
診,Diagnose,Say + Hat + Hair
請,Request,Say + Blue
杯,Cup Of Liquid,Tree + Not
僚,Colleague,Leader + Charcoal
板,Board,Tree + Anti
監,Oversee,Servant + Gun + Ground + Plate
寄,Approach,Roof + Odd
宗,Religion,Roof + Jackhammer
街,Street,Go + Dirt
緊,Tense,Servant + Stool + Thread
索,Search,Cross + Forehead + Thread
添,Append,Tsunami + Heaven + Small + Drop
積,Accumulate,Grain + Blame
臣,Servant,Servant
詰,Stuffed,Say + Good Luck
催,Sponsor,Leader + Mountain + Turkey
督,Coach,Above + Small + Stool + Eye
宴,Banquet,Roof + Sun + Woman
雄,"Male, Brave",Narwhal + Private + Turkey
促,Urge,Leader + Foot
欧,Europe,District + Lack
略,Abbreviation,Rice Paddy + Kiss
娘,Daughter,Woman + Good
烈,"Violent, Intense",Yakuza + Knife + Boil
猛,Fierce,Animal + Child + Plate
怖,Scary,Soul + Narwhal + Towel
閣,The Cabinet,Gate + Kiss
韓,Korea,Morning + Korea
航,Navigation,Boat + Lid + Table
乾,Dry,Morning + Gun + Nose
恐,Fear,Saw + Heart
預,Deposit,Beforehand + Geoduck
貧,Poor,Part + Shellfish
適,Suitable,Treadmill + Mohawk
延,Prolong,Yoga + Correct
購,Subscription,Shellfish + Lifeguard
系,Lineage,Lineage
覧,Look At,Servant + Gun + Ground + See
快,Pleasant,Soul + Hook + Person
翌,"The Following, Next",Feathers + Stand
漏,Leak,Tsunami + Flag + Rain
遊,Play,Treadmill + Direction + Gun + Child
乏,Scarce,Leaf + Hills
更,Again,Ground + Rice Paddy + Treasure
婚,Marriage,Woman + Clan + Sun
背,"Back, Height",North + Moon
撮,Photograph,Fingers + Sun + Ear + Stool
詳,Detailed,Say + Sheep
騒,Boisterous,Horse + Stool + Insect
懐,Nostalgia,Soul + Cross + Net + Clothes
照,Illuminate,Sun + Joker + Boil
盗,Steal,Next + Plate
版,Edition,One Sided + Anti
飾,Decorate,Eat + Gun + Towel
符,Token,Bamboo + Attach
浮,Float,Tsunami + Cleat + Child
枕,Pillow,Tree + Big
押,Push,Fingers + Turtle Shell
越,Go Beyond,Run + Become
魅,Alluring,Demon + Jet
渇,Thirst,Tsunami + Sun + Prison + Spoon
旗,Flag,Direction + Gun + Crab
華,Showy,Flowers + Rice Paddy + Cross
墓,Grave,Greenhouse + Dirt
尋,Inquire,Wolverine + Construction + Mouth + Measurement
菜,Vegetable,Flowers + Cleat + Tree
豪,Luxurious,Lid + Mouth + Forehead + Pig
探,Look For,Fingers + Pi + Tree
粉,Powder,Rice + Part
編,Knit,Thread + Library
融,Dissolve,bully + Insect
既,Previously,Root + Fang
除,Exclude,Building + Surplus
鑑,Model,Gold + Oversee
幾,"How Many, How Much",Trash + Drunkard + Person
倉,Warehouse,Warehouse
嘆,Sigh,Mouth + Chinese
驚,Surprised,Poem + Winter + Horse
帯,Belt,Ground + Mountain + Forehead + Towel
貨,Freight,Change + Shellfish
散,Scatter,Blackjack + Moon + Winter
脈,Vein,Moon + Cliff + Tofu
陸,Land,Building + Womb
徳,Virtue,Loiter + Cross + Net + Heart
偵,Spy,Leader + Toe + Shellfish
掃,Sweep,Fingers + Wolverine + Forehead + Towel
巣,Nest,Simple + Fins
離,Detach,Rocket + Turkey
似,Resemble,Leader + Lion + Drop + Person +
富,Rich,Roof + Scarecrow
均,Equal,Dirt + Pool
泥,Mud,Tsunami + Flag + Spoon
救,Rescue,Request + Winter
径,Diameter,Loiter + Tombstone
孫,Grandchild,Child + Lineage
廊,Corridor,Mullet + Guy
普,Normal,Line Up + Sun
棒,"Pole, Rod",Tree + Train + Dry
訳,"Translation, Reason",Say + Shrimp
桜,"Sakura, Cherry Tree",Tree + Grass + Woman
染,Dye,Tsunami + Nine + Tree
党,Group,Viking + Older Brother
恩,Kindness,Big + Mouth + Heart
秘,Secret,Grain + Certain
祖,Ancestor,Spirit + Top Hat
複,Duplicate,Spirit + Black Hole
汚,Dirty,Tsunami + Ground + Beggar
机,Desk,Tree + Table
眼,Eyeball,Eye + Root
績,Exploits,Thread + Blame
酸,Acid,Alcohol + Spider
卵,Egg,Pool
銭,Coin,Gold + Bar
迎,Welcome,Treadmill + Cat Pirate
液,"Fluid, Liquid",Tsunami + Night
捨,Throw Away,Fingers + Hat + Dirt + Mouth
欲,Want,Valley + Lack
永,Eternity,Water + Drop
興,Interest,Comb + Same + Ground + Fins
採,Gather,Fingers + Cleat + Tree
衛,Defense,Go + Korea
雑,"Random, Miscellaneous",Nine + Tree + Turkey
厳,Strict,Grass + Cliff + Elf + Winter
込,Crowded,Treadmill + Enter
傷,Wound,Leader + Gun + Easy
密,Secrecy,Roof + Certain + Mountain
暖,Warm,Sun + Football
賛,Agree,Husband + Shellfish
志,Intention,Samurai + Heart
序,Preface,Mullet + Beforehand
飼,Domesticate,Eat + Director
糖,Sugar,Rice + Mullet + Brush + Mouth
賃,Rent,Leader + King + Shellfish
蒸,Steam,★
諸,Various,Say + Someone
蔵,Storehouse,Storehouse
肺,Lung,Moon + City
盛,"Pile, Heaps",Become + Plate
拡,Extend,Fingers + Mullet + Private
忠,Loyalty,Middle + Heart
装,Attire,Icicle + Samurai + Clothes
漠,"Desert, Vague",Tsunami + Greenhouse
操,"Manipulate, Chastity",Fingers + Products + Tree
著,Author,Flowers + Someone
砂,Sand,Stone + Few
異,Differ,Rice Paddy + Blackjack + Fins
筋,"Muscle, Tendon",Bamboo + Moon + Power
皇,Emperor,White + King
窓,Window,Hole + Private + Heart
垂,"Dangle, Drip",Car
簡,Simplicity,Bamboo + Interval
尊,Revered,Horns + Alcohol + Measurement
否,No,Not + Mouth
誌,Magazine,Say + Samurai + Heart
裏,Backside,Lid + Village + Kick
閉,Close,Gate + Genius
暮,Livelihood,Greenhouse + Sun
宝,Treasure,Roof + King + Drop
熟,Ripen,Sock + Circle + Boil
灰,Ashes,Cliff + Fire
納,Supply,Thread + Inside
宣,Proclaim,Roof + Ground + Dawn
敬,Respect,Poem + Winter
揮,Brandish,Fingers + Forehead + Car
降,Descend,Building + Winter + Cow
縮,Shrink,Thread + Roof + Leader + Hundred
奴,Dude,Woman + Stool
幕,Curtain,Greenhouse + Towel
貴,Valuable,Middle + Ground + Shellfish
歓,Delight,Arrow + Turkey + Lack
隷,Slave,Samurai + Jackhammer + Brush + Water
豆,Beans,Beans
損,Loss,Fingers + Member
丼,Rice Bowl,Well + Drop
劇,Drama,Tiger + Pig + Knife
沿,Run Alongside,Tsunami + Fins + Mouth
腐,Rot,Mullet + Attach + Meat
粋,Stylish,Rice + Nine + Cross
聖,Holy,Ear + Mouth + King
拝,Worship,Fingers + Dry
推,Infer,Fingers + Turkey
磁,Magnet,Stone + Horns + Ground + Trash
紅,"Deep Red, Crimson",Thread + Construction
誤,Mistake,Say + Catapult
勤,Work,Boot + Power
承,Consent,Child + Water
純,Pure,Thread + Barracks
刻,Carve,Slice + Knife
源,Origin,Tsunami + original
吐,"Throw Up, Spit",Mouth + Dirt
薦,Recommend,Flowers + Mullet + Bird
射,Shoot,Say + Body + Measurement
臓,Internal Organs,Moon + Storehouse
芋,Potato,Dry + Flowers
枝,Branch,Tree + Branch
縦,Vertical,Thread + Loiter + Horns + Correct
爪,Claw,Claw
舎,Cottage,Hat + Dirt + Mouth
汁,Soup,Tsunami + Cross
介,Jammed In,Hut
炎,Flame,Fire + Fire
亀,Turtle,Turtle
滞,Stagnate,Tsunami + Belt
紹,Introduce,Thread + Joker
破,Tear,Stone + Skin
払,Pay,Fingers + Private
剣,Sword,Squid + Knife
熊,Bear,Ability + Boil
銅,Copper,Gold + Same
厄,Unlucky,Cliff + Snake
酔,Drunk,Alcohol + Nine + Cross
獄,Prison,Animal + Say + Dog
己,Oneself,Oneself
彼,He,Loiter + Skin
油,Oil,Tsunami + Reason
講,Lecture,Say + Lifeguard
遅,Slow,Treadmill + Flag + Sheep
測,Measure,Tsunami + Shellfish + Knife
杉,Cedar,Tree + Hair
醤,Soy Sauce,Commander + Alcohol
為,Sake,Sake
互,Mutual,Ground + Shuriken
寿,Lifespan,Train + Measurement
彫,Carve,Circumference + Hair
恥,Shame,Ear + Heart
酢,Vinegar,Alcohol + Key
鍋,Pot,Gold + Mustache + Mustache
噌,Boisterous,Mouth + Mask
湖,Lake,Tsunami + Old + Moon
甘,Sweet,Sweet
牙,"Fang, Tusk",Fang
盟,Alliance,Bright + Plate
旧,Former,Stick + Sun
及,Reach,Escalator
舞,Dance,Nothing + Dance
幅,Width,Towel + Creeper + Rice Paddy
伸,Stretch,Leader + Humble
沖,Open Sea,Tsunami + Middle
核,Nucleus,Tree + Slice
摘,Pluck,Fingers + Mohawk
津,Haven,Tsunami + Brush
縄,Rope,Thread + Turtle
維,Maintain,Thread + Turkey
奈,Nara,Big + Jackhammer
療,Heal,Sick + Charcoal
頼,Trust,Bundle + Geoduck
献,Offer,South + Dog
廃,Obsolete,Mullet + Departure
超,"Ultra, Super",Run + Joker
継,Inherit,Thread + Lion + Rice
遺,Leave Behind,Treadmill + Valuable
伎,Deed,Leader + Branch
般,Generally,Boat + Weapon
将,Commander,Icicle + Cleat + Measurement
踏,Step,Foot + Water + Sun
依,"Reliant, Dependant",Leader + Clothes
鹿,Deer,Mullet + Helicopter + Compare
換,Exchange,Fingers + Prison + Head + Legs + Big
貿,Trade,Private + Sword + Shellfish
諾,Agreement,Say + Flowers + Right
債,Debt,Leader + Blame
姓,"Surname, Family Name",Woman + Life
狙,Aim,Animal + Top Hat
香,Fragrance,Grain + Sun
抗,Confront,Fingers + Lid + Table
臨,Look To,Servant + Gun + Products
掲,Display,Fingers + Sun + Prison + Spoon
跡,Traces,Foot + Red
昭,Shining,Sun + Joker
兆,Omen,Omen
塁,"Base, Baseball Base",Rice Paddy + Explosion + Dirt
闘,Struggle,Gate + Beans + Measurement
漁,Fishing,Tsunami + Fish
爆,Explode,Fire + Violence
湾,Gulf,Tsunami + Red + Bow
崩,Crumble,Mountain + Moon
葬,Burial,Flowers + Ground + Yakuza + Spoon + Twenty
償,Reparation,Leader + Prize
刑,Punish,Lantern + Knife
抵,Resist,Fingers + Clan + Ground
募,Recruit,Greenhouse + Power
跳,Hop,Foot + Omen
遣,Dispatch,Treadmill + Insect + Bear
弾,Bullet,Bow + Simple
患,Afflicted,Skewer + Heart
戻,Return,Door + Big
契,Pledge,Master + Sword + Big
執,Tenacious,Happiness + Circle
聴,Listen,Ear + Cross + Net + Heart
陣,Army Base,Building + Car
旬,"In Season, Time of the Month, Season",Prison + Sun
恵,Favor,Cross + Rice Paddy + Heart
抱,Hug,Fingers + Prison + Oneself
削,Whittle Down,Triceratops + Moon + Knife
刊,Edition,Dry + Knife
房,Cluster,Door + Direction
贈,Presents,Shellfish + Mask
抑,Suppress,Fingers + Cat Pirate
避,Dodge,Treadmill + Hot Pepper
還,Send Back,Treadmill + Net + Ground + Zombie
傾,Lean,Change + Geoduck
娠,Pregnant,Woman + Landslide
妊,Pregnant,Woman + King
描,Draw,Fingers + Flowers + Rice Paddy
託,Consign,Say + Slide + Seven
懸,Suspend,Prefecture + Lineage + Heart
需,Demand,Rain + Rake
賂,Bribe,Shellfish + Kiss
緩,Loose,Thread + Football
賄,Bribe,Shellfish + Have
却,Contrary,past + Stamp
奏,Play Music,Train + Heaven
盤,Tray,Boat + Weapon + Plate
奥,Interior,Drop + Head + Rice + Big
緒,Together,Thread + Someone
慮,Consider,Tiger + Think
宜,Best Regards,Roof + Top Hat
繰,Spin,Thread + Syrup
致,Do,Mole + Winter
択,Select,Fingers + Shrimp
称,Title,Grain + Gun + Small
扱,Handle,Fingers + Escalator
伴,Accompany,Leader + Half
逃,Escape,Treadmill + Omen
齢,Age,Tooth + Orders
併,Join,Leader + Horns + Lantern
奪,Rob,Big + Turkey + Measurement
埼,Cape,Dirt + Odd
銃,Gun,Gold + Allocate
祉,Welfare,Spirit + Stop
免,Excuse,Excuse
鋼,Steel,Gold + Hill
隆,Prosperity,Building + Winter + Life
圏,Range,Mouth + Scroll
片,One Sided,one sided
埋,Bury,Dirt + Village
慎,Humility,Soul + Reality
枠,Frame,Tree + Nine + Cross
阜,Mound,Drop + Bear + Cross
壁,Wall,Hot Pepper + Dirt
邦,Home Country,Three + Slide + Building
岐,Branch Off,Mountain + Branch
躍,Leap,Foot + Wolverine + Turkey
甲,"Turtle Shell, A",Turtle Shell
譲,Defer,Say + Nurse
雇,Employ,Door + Turkey
項,Paragraph,Construction + Geoduck
勧,Recommend,Arrow + Turkey + Power
充,Allocate,Allocate
御,Honorable,Loiter + Gun + Correct + Stamp
斐,Patterned,Criminal + Writing
渋,Bitter,Tsunami + Stop + Explosion
鈴,Buzzer,Gold + Orders
群,Flock,Buddy + Sheep
稲,Rice Plant,Grain + Cleat + Former
棋,Chess Piece,Tree + Crab
拒,Refusal,Fingers + Giant
仙,Hermit,Leader + Mountain
謙,Modesty,Say + Mona Lisa
控,Abstain,Fingers + Sky
殿,"Milord, Lord",Flag + Together + Weapon
犠,Sacrifice,Cow + Righteousness
誉,Honor,Grass + Ground + Fins + Say
隣,Neighbor,Building + Rice + Dance
殖,Multiply,Yakuza + Fix
兼,Concurrently,Mona Lisa
獲,Seize,Animal + Flowers + Turkey + Stool
雅,Elegant,Fang + Turkey
薄,Dilute,Flowers + Tsunami + Specialty
顧,Review,Employ + Geoduck
堀,Ditch,Dirt + Flag + Exit
敷,Spread,Cross + Rice Paddy + Direction + Winter
柱,Pillar,Tree + Master
頻,Frequent,Walk + Geoduck
吹,Blow,Mouth + Lack
茂,Luxuriant,Flowers + Slide + Drunkard
唱,Chant,Mouth + Sun + Sun
駆,Gallop,Horse + District
孝,Filial Piety,Teacher
衝,Collide,Go + Heavy
敏,Alert,Every + Winter
褒,Praise,Lid + Preserve + Clothes
巡,Patrol,Treadmill + Flood
繁,Overgrown,Every + Winter + Thread
駐,Resident,Horse + Master
戒,Commandment,Drunkard + Twenty
携,Portable,Fingers + Turkey + Stairs
透,Transparent,Treadmill + Grain + Stairs
剤,Dose,Simultaneous + Knife
俊,Genius,Leader + Spider
鋭,Sharp,Gold + Guard
排,Reject,Fingers + Criminal
拳,Fist,Horns + Train + Hand
虎,Tiger,Tiger + Legs
樹,Wood,Tree + Cross + Beans + Measurement
酎,Sake,Alcohol + Measurement
至,Attain,Mole
誠,Sincerity,Say + Become
瀬,"Rapids, Shallows",Tsunami + Bundle + Geoduck
畑,Field,Fire + Rice Paddy
墟,Ruins,Dirt + Tiger + Cactus
伺,Pay Respects,Leader + Director
徹,Penetrate,Loiter + Boob + Moon + Winter
鉱,Mineral,Gold + Wide
儀,Ceremony,Leader + Righteousness
衣,Clothes,Clothes
仁,Humanity,Leader + Two
棄,Abandon,Trash + Fruit
偽,Fake,Leader + Sake
蜂,Bee,Insect + Winter + Signpost
侵,Invade,Leader + Wolverine + Forehead + Stool
潜,Conceal,Tsunami + Husband + Husband + Sun
拠,Based On,Fingers + Winter + Table
遜,Humble,Treadmill + Child + Lineage
炭,Charcoal,Mountain + Cliff + Fire
包,Wrap,Prison + Oneself
撤,Withdrawal,Fingers + Boob + Moon + Winter
蜜,Honey,Roof + Certain + Insect
蛍,Firefly,Viking + Insect
艦,Warship,Boat + Oversee
措,Set Aside,Fingers + Long Ago
郷,Hometown,poop + Guy
範,Example,Bamboo + Car + Snake
揚,Hoist,Fingers + Easy
斎,Purification,Simultaneous + Jackhammer
袋,Sack,Substitute + Clothes
到,Arrival,Mole + Knife
克,Overcome,Old + Legs
床,Floor,Mullet + Tree
暫,Temporarily,Car + Axe + Sun
弧,Arc,Bow + Melon
握,Grip,Fingers + Shop
網,Netting,Thread + Hill
析,Analysis,Tree + Axe
綱,Cable,Thread + Hill
哲,Philosophy,Fingers + Axe + Mouth
喪,Mourning,Cross + Mouth + Mouth + Clothes
泊,Overnight,Tsunami + White
堅,Solid,Servant + Stool + Dirt
糾,Twist,Thread + Vines
挑,Challenge,Fingers + Omen
荒,Wild,Flowers + Death + River
紛,Distract,Thread + Part
掘,Dig,Fingers + Flag + Exit
軸,Axis,Car + Reason
双,Pair,Stool + Stool
芝,Lawn,Flowers + Hills
肝,Liver,Moon + Dry
柄,Pattern,Tree + Dynamite
潟,Lagoon,Tsunami + Sun + Wing
枢,Hinge,Tree + District
括,Fasten,Fingers + Tongue
揺,Shake,Fingers + Satellite
焦,Char,Turkey + Boil
滑,Slippery,Tsunami + Bone
慰,Consolation,Flag + Jackhammer + Measurement + Heart
懇,Courteous,badger + Root + Heart
炉,Furnace,Fire + Door
封,"Seal, Seal In, Closing",Dirt + Dirt + Measurement
即,Instant,Root + Stamp
滅,Destroy,Tsunami + Slide + Drunkard + Ground + Fire
筒,Cylinder,Bamboo + Same
斉,Simultaneous,Simultaneous
趣,Gist,Run + Ear + Stool
摩,Chafe,Mullet + Tree + Tree + Hand
距,Distance,Foot + Giant
襲,Attack,Imperial + Clothes
沈,Sink,Tsunami + Pirate
沼,Bog,Tsunami + Joker
籍,Enroll,Bamboo + Plow + Long Ago
貢,Tribute,Construction + Shellfish
潮,Tide,Tsunami + Morning + Moon
懲,Chastise,Loiter + Mountain + King + Winter + Heart
旨,"Point, Delicious",Spoon + Sun
撲,Slap,Fingers + Business
珍,Rare,King + Hat + Hair
岳,Peak,Axe + Ground + Mountain
柔,Gentle,Spear + Tree
刷,Printing,Flag + Towel + Knife
誰,Who,Say + Turkey
牧,Pasture,Cow + Winter
朗,Bright,Good + Moon
滋,Nourishing,Tsunami + Horns + Ground + Trash + Trash
露,"Expose, Dew",Rain + Foot + Kiss
威,Majesty,Drunkard + Slide + Ground + Woman
垣,"Hedge, Fence",Dirt + Ground + Dawn
泰,Peace,Train + Water
擦,Grate,Fingers + Roof + Festival
琴,Harp,King + King + Now
裂,"Split, Tear",Yakuza + Knife + Clothes
竜,Dragon,Dragon
謎,Riddle,Say + Treadmill + Rice
芽,Sprout,Flowers + Fang
涙,Teardrop,Tsunami + Door + Big
嵐,Storm,Mountain + Wind
吉,Good Luck,Good Luck
俺,"I, Me",Leader + Big + Rice Paddy + Umbrella
縁,Edge,Thread + Wolverine + Pig
桃,Peach,Tree + Omen
髪,Hair,Long + Hair + Friend
梨,Pear,Grain + Knife + Tree
丘,Hill,Axe + Ground
斗,"Ladle, Big Dipper",ladle
匹,"Small Animal, Small Animal Counter",Cage + Legs
雷,Thunder,Rain + Rice Paddy
娯,Recreation,Woman + Catapult
缶,"Can, Tin Can",Can
笠,Conical Hat,Bamboo + Stand
寸,Measurement,Measurement
姫,Princess,Woman + Servant
刃,Blade,Blade
翼,Wing,Feathers + Rice Paddy + Together
叫,Shout,Mouth + Vines
忍,Endure,Blade + Heart
棚,Shelf,Tree + Moon + Moon
粒,Grains,Rice + Stand
釣,Fishing,Gold + Pool
叱,Scold,Mouth + Seven
辛,Spicy,Spicy
侍,Samurai,Leader + Temple
僕,"I, Me",Leader + Business
砲,Cannon,Stone + Wrap
塔,Tower,Dirt + Flowers + Suit
朱,Vermillion,Slide + Jet
暦,Calendar,Cliff + Tree + Tree + Sun
呪,Curse,Mouth + Older Brother
陰,Shade,Building + Now + Cloud
肌,Skin,Moon + Table
井,Well,Well
曇,Cloudy,Sun + Rain + Cloud
湿,Damp,Tsunami + Sun + Spikes
眺,Stare,Eye + Omen
塾,Cram School,Sock + Circle + Dirt
磨,Polish,Mullet + Tree + Tree + Stone
卓,Table,Toe + Early
狩,Hunt,Animal + Protect
嫁,Bride,Woman + House
菌,Bacteria,Flowers + Mouth + Grain
澄,Lucidity,Tsunami + Tent + Beans
鐘,Bell,Gold + Stand + Village
脚,"Leg, Foot",Moon + past + Stamp
矛,Halberd,Spear
凶,Villain,Treasure Chest
裸,Naked,Spirit + Fruit
嬢,Miss,Woman + Nurse
翔,Fly,Sheep + Feathers +
狂,"Lunatic, Crazy",Animal + King
硬,Stiff,Stone + Again
疲,Exhausted,Sick + Skin
賭,Gamble,Shellfish + Someone
滝,Waterfall,Tsunami + Dragon
溝,Gutter,Tsunami + Lifeguard
魂,"Soul, Spirit",Cloud + Demon
也,Considerably,Alligator
稼,Earnings,Grain + House
頃,Approximate,Spoon + Geoduck
霊,Ghost,Rain + Two + Spikes
舟,Boat,Boat
塊,Lump,Dirt + Demon
吾,"I, Me",Five + Mouth
寧,Rather,Roof + Heart + Net + Street
穏,Calm,Grain + Cleat + Wolverine + Heart
碁,Go,Crab + Stone
穂,"Head of Plant, Ear of Plant",Grain + Favor
帝,Sovereign,Stand + Towel
瞳,Pupil,Eye + Stand + Village
俵,Sack,Leader + Life + Kick
椅,Chair,Tree + Odd
錬,Tempering,Gold + East
棟,Pillar,Tree + East
誇,Pride,Say + Big + Ground + Beggar
歳,Years Old,Stop + Slide + Drunkard + Jackhammer
孔,"Cavity, Hole",Child + Umbrella
阻,Thwart,Building + Top Hat
租,Tariff,Grain + Top Hat
鳩,"Dove, Pigeon",Nine + Bird
魔,Devil,Mullet + Tree + Tree + Demon
涼,Cool,Tsunami + Capital
癖,Habit,Sick + Hot Pepper
盆,Lantern Festival,Part + Plate
庄,Manor,Mullet + Dirt
菊,Chrysanthemum,Flowers + Prison + Rice
泡,Bubbles,Tsunami + Wrap
綿,Cotton,Thread + White + Towel
鍛,Forge,Gold + Comb + Weapon
黙,Shut Up,Village + Dog + Boil
架,Shelf,Power + Mouth + Tree
瞬,Blink,Eye + Cleat + Forehead + Dance
鍵,Key,Gold + Yoga + Brush
猿,Monkey,Animal + Dirt + Mouth + Kick
斬,Slice,Car + Axe
墨,Black Ink,Black + Dirt
零,"Zero, Spill",Rain + Orders
寮,Dormitory,Roof + Charcoal
鈍,Dull,Gold + Barracks
幽,Secluded,Mountain + Trash + Trash
幣,Cash,penguin + Towel
欺,Deceit,Crab + Lack
帽,Hat,Towel + Sun + Eye
爽,Refreshing,Big + Treasure
崖,Cliff,Mountain + Cliff + Dirt + Dirt
芯,Wick,Flowers + Heart
恨,Grudge,Soul + Root
粘,Sticky,Rice + Fortune
憩,Rest,Tongue + Self + Heart
掌,Manipulate,Viking + Mouth + Hand
唇,Lips,Landslide + Mouth
粧,Cosmetics,Rice + Mullet + Dirt
憎,Hate,Soul + Mask
扉,Front Door,Door + Criminal
巾,Towel,Towel
墜,Crash,Building + Horns + Pig + Dirt
塀,Fence,Dirt + Flag + Horns + Lantern
如,Likeness,Woman + Mouth
虹,Rainbow,Insect + Construction
婆,Old Woman,Wave + Woman
哀,Pathetic,Lid + Mouth + Kick
挿,Insert,Fingers + Thousand + Humble
霧,Fog,Rain + Task
炊,Cook,Fire + Lack
伊,Italy,Leader + Wolverine + Slide
滴,Drip,Tsunami + Mohawk
扇,Folding Fan,Door + Feathers
尺,"Shaku, Japanese Foot",Shrimp
胴,Torso,Moon + Same
箸,Chopsticks,Bamboo + Someone
瞭,Clear,Eye + Charcoal
砕,Smash,Stone + Nine + Cross
柳,Willow,Tree + Stamp
詐,Lie,Say + Key
畳,Tatami Mat,Rice Paddy + Forehead + Top Hat
佐,Help,Leader + Narwhal + Construction
班,Squad,King + Knife + King
穫,Harvest,Grain + Flowers + Turkey + Stool
殴,Assault,Cage + Treasure + Weapon
彩,Coloring,Cleat + Tree + Hair
耐,Resistant,Rake + Measurement
脅,Threaten,Power + Power + Power + Moon
辱,Humiliate,Landslide + Measurement
闇,Darkness,Gate + Sound
盾,Shield,Cliff + Pope
蛇,Snake,Insect + Roof + Spoon
蓄,Amass,Flowers + Mysterious + Rice Paddy
塗,Paint,Tsunami + Surplus + Dirt
畜,Livestock,Mysterious + Rice Paddy
灯,Lamp,Fire + Street
悔,Regret,Soul + Every
憶,Recollection,Soul + Idea
溶,Melt,Tsunami + Form
培,Cultivate,Dirt + Clown
輝,Radiance,Sunlight + Forehead + Car
飢,Starve,Eat + Table
踊,Dance,Foot + Mama + Task
賢,Clever,Servant + Stool + Shellfish
咲,Blossom,Mouth + Horns + Heaven
餓,Starve,Eat + Ego
脇,Armpit,Moon + Power + Power + Power
遂,Accomplish,Treadmill + Horns + Pig
斜,Diagonal,Surplus + ladle
蚊,Mosquito,Insect + Writing
迅,Swift,Treadmill + Cliff + Cross
霜,Frost,Rain + Tree + Eye
鉢,Bowl,Gold + book
貼,Paste,Shellfish + Fortune
隙,Crevice,Building + Small + Sun + Small
尽,Exhaust,Shrimp + Ice
麻,Hemp,Mullet + Tree + Tree
騎,Horse,Horse + Odd
帳,Notebook,Towel + Long
陛,Highness,Building + Compare + Dirt
劣,Inferiority,Few + Power
抽,Pluck,Fingers + Reason
桑,Mulberry,Stool + Stool + Stool + Tree
衰,Decline,Lid + Sun + Kick
潤,Watered,Tsunami + Gate + King
尼,Nun,Flag + Spoon
紫,Purple,Stop + Spoon + Thread
駒,Chess Piece,Horse + Paragraph
謀,Conspire,Say + Sweet + Tree
拘,Arrest,Fingers + Paragraph
俗,Vulgar,Leader + Valley
刈,Prune,Treasure + Knife
陶,Pottery,Building + Prison + Can
礎,Foundation,Stone + Tree + Coat Rack
壇,Podium,Dirt + Lid + Times + Dawn
隔,Isolate,Building + bully
鶴,Crane,Roof + Turkey + Bird
珠,Pearl,King + Slide + Jet
剛,Sturdy,Hill + Knife
奨,Encourage,Commander + big
勘,Intuition,Crab Trap + Power
誓,Vow,Fingers + Axe + Say
煮,Boil,Someone + Boil
淡,Faint,Tsunami + Fire + Fire
妃,"Princess, Queen",Woman + Oneself
覆,"Capsize, Cover",Helicopter + Loiter + Black Hole
征,Subjugate,Loiter + Correct
拓,Cultivation,Fingers + Stone
悟,Comprehension,Soul + Five + Mouth
概,Approximation,Tree + Root + Fang
唯,Solely,Mouth + Turkey
浸,Immersed,Tsunami + Wolverine + Forehead + Stool
漂,Drift,Tsunami + Helicopter + Jackhammer
偶,Accidentally,Leader + Splinter
伯,Chief,Leader + White
訂,Revise,Say + Street
壮,Robust,Icicle + Samurai
巧,Adept,Construction + Beggar
墳,Tomb,Dirt + Cross + Flowers + Shellfish
簿,Record Book,Bamboo + Tsunami + Specialty
搬,Transport,Fingers + Boat + Weapon
涯,Horizon,Tsunami + Cliff + Dirt + Dirt
疫,Epidemic,Sick + Weapon
彰,Patent,chapter + Hair
把,"Bundle, Grasp",Fingers + Bed
邪,Wicked,Fang + Building
淀,Eddy,Tsunami + Roof + Correct
鰐,Alligator,Fish + Mouth + Mouth + Ground + Beggar
峰,Summit,Mountain + Winter + Signpost
唐,"China, Sudden",Mullet + Brush + Mouth
亭,Restaurant,restaurant
堰,Dam,Dirt + Cage + Sun + Woman
晶,Crystal,Sun + Sun + Sun
后,Empress,Cliff + Ground + Mouth
洞,Cave,Tsunami + Same
廷,Courts,Yoga + King
鬱,Gloom,Tree + Can + Tree + Psychopath
蟹,Crab,Angle + Sword + Cow + Insect
漫,Manga,Tsunami + Sun + Net + Stool
軌,Rut,Car + Nine
諮,Consult,Say + Next + Mouth
仰,Look Up To,Leader + Cat Pirate
奮,Stirred Up,Big + Turkey + Rice Paddy
翻,Flip,Number + Feathers
堤,Embankment,Dirt + Sun + Correct
銘,Inscription,Gold + Name
駄,Burdensome,Horse + Fat
頂,"Summit, Humbly",Street + Geoduck
聡,Wise,Ear + Public + Heart
隅,Corner,Building + Splinter
燥,Dry Up,Fire + Syrup
媛,"Princess, Beautiful Woman",Woman + Football
邸,Residence,Clan + Ground + Building
隻,Ship Counter,Turkey + Stool
貞,Chastity,Toe + Shellfish
肯,"Agreement, Consent",Stop + Moon
肪,Obese,Moon + Direction
釈,Explanation,Sickle + Shrimp
膚,Skin,Tiger + Stomach
脂,Fat,Moon + Spoon + Sun
喚,"Scream, Yell",Mouth + Prison + Big + Legs
軒,House Counter,Car + Dry
軟,Soft,Car + Lack
渦,Whirlpool,Tsunami + Mustache
郊,Suburbs,Mix + Building
苗,"Seedling, Sapling",Flowers + Rice Paddy
瓶,Bottle,Horns + Lantern + Ten Thousand + Drop + Ground
玄,Mysterious,Mysterious
沸,Boil,Tsunami + Dollar
亮,Clear,Lid + Mouth + Forehead + Legs
濯,Wash,Tsunami + Wolverine + Turkey
襟,Collar,Spirit + Tree + Jackhammer
耕,Plow,Plow + Well
偉,Greatness,Leader + Korea
浦,Bay,Tsunami + Wedding
枯,Wither,Tree + Old
召,Call,Joker
慈,Mercy,Horns + Ground + Trash + Heart
郡,"County, District",Buddy + Building
塚,Mound,Dirt + Forehead + Pig
挟,Between,Fingers + Husband + Horns
蓮,Lotus,Flowers + Treadmill + Car
颯,"Quick, Sudden",Stand + Wind
遭,"Encounter, Meet",Treadmill + Music + Sun + Ground
噴,Erupt,Mouth + Cross + Flowers + Shellfish
鎖,Chain,Gold + Triceratops + Shellfish
偏,Biased,Leader + Library
貫,"Pierce, Sushi Counter",Window + Shellfish
綾,Design,Thread + Frostbite
孤,"Orphan, Alone",Child + Melon
陥,Cave In,Building + Stick + Prison + Sun
賠,"Compensation, Compensate",Shellfish + Clown
倫,Ethics,Leader + Roof + Bookshelf
猟,Hunting,Animal + Grass + elephant
擁,Embrace,Fingers + Lid + Trash + Turkey
乃,From,Stairs
祥,Auspicious,Spirit + Sheep
慢,"Ridicule, Laziness",Soul + Sun + Net + Stool
輔,Help,Car + Wedding
茨,"Briar, Thorn",Flowers + Next
恒,"Constant, Always",Soul + Ground + Dawn
殊,Especially,Yakuza + Slide + Jet
呂,Bath,Bathtub
覇,Leadership,Helicopter + Leather + Moon
秩,"Order, Regularity",Grain + Fault
芳,Perfume,Flowers + Direction
遇,Treatment,Treadmill + Splinter
陳,Exhibit,Building + East
牲,Offering,Cow + Life
唆,Instigate,Mouth + Spider
隼,Falcon,Turkey + Cross
糧,Provisions,Rice + Dawn + Village
須,Necessary,Hair + Geoduck
惰,Lazy,Soul + Narwhal + Construction + Moon
怠,"Lazy, Neglect",Private + Mouth + Heart
膨,Swell,Moon + Dirt + Beans + Hair
没,Die,Tsunami + Weapon
鯉,"Carp, Koi",Fish + Village
浄,"Cleanse, Purify",Tsunami + Conflict
随,All,Building + Treadmill + Have
駿,Speed,Horse + Spider
戴,Receive,Cross + Drunkard + Rice Paddy + Blackjack + Fins
丹,Rust Colored,Boat
蒙,Darkness,Flowers + Forehead + Pig
啓,Enlighten,Door + Winter + Mouth
葵,Hollyhock,Flowers + Tent + Heaven
緋,Scarlet,Thread + Criminal
莉,Jasmine,Flowers + Grain + Knife
徐,Gently,Loiter + Surplus
胞,"Cell, Placenta",Moon + Wrap
虐,Oppress,Tiger + Wolverine
諭,Admonish,Say + Death Star
寛,Tolerance,Roof + Flowers + See
准,Semi,Ice + Turkey
披,Expose,Fingers + Skin
搭,"Board, Embark",Fingers + Flowers + Suit
艇,Rowboat,Boat + Yoga + King
曙,Dawn,Sun + Net + Someone
緯,Latitude,Thread + Korea
騰,Inflation,Moon + Train + Horse
据,Install,Fingers + Flag + Old
舗,"Shop, Store",Cottage + Wedding
瓜,Melon,Melon
壌,"Soil, Earth",Dirt + Nurse
稿,Draft,Grain + Tall
諒,"Comprehend, Reality",Say + Capital
胡,Barbarian,Old + Moon
帥,Commander,Drop + Bear + Towel
惨,Disaster,Soul + Private + Big + Hair
繊,"Fiber, Slender",Thread + Cross + Spikes + Drunkard
剰,Surplus,Mouth + Grain + Knife
錦,Brocade,Gold + White + Towel
且,Also,Top Hat
鯨,Whale,Fish + Capital
疾,Rapid,Sick + Arrow
逸,Deviate,Treadmill + Excuse
栽,Planting,Plow + Drunkard
茜,Red Dye,Flowers + West
叙,Describe,Surplus + Stool
愚,Foolish,Splinter + Heart
勲,Merit,Heavy + Power + Boil
庶,"All, Bastard",Hick + Boil
荘,Villa,Flowers + Icicle + Samurai
酬,Repay,Alcohol + Drop + River
卸,Wholesale,Noon + Stop + Stamp
悠,Leisure,Leader + Stick + Winter + Heart
尚,"Furthermore, Esteem",Triceratops + Mustache
顕,"Appear, Existing",Sun + Spikes + Geoduck
拐,Kidnap,Fingers + Mouth + Sword
呈,"Present, Display",Mouth + King
粛,Solemn,Wolverine + Stick + Rice + Legs
紋,Family Crest,Thread + Writing
疎,"Neglect, Sparse",Coat Rack + Bundle
謡,Noh Chanting,Say + Satellite
酷,"Cruel, Unjust",Alcohol + Announce
痴,Stupid,Sick + Arrow + Mouth
栞,Bookmark,Dry + Tree
呆,Shock,Mouth + Tree
冠,"Crown, Cap",Forehead + Origin + Measurement
践,"Practice, Trample",Foot + Bar
阿,Flatter,Building + Lip Ring
欄,"Column, Space",Tree + Gate + East
哺,"Nurse, Suckle",Mouth + Wedding
杏,Apricot,Tree + Mouth
鎌,"Sickle, Scythe",Gold + Mona Lisa
傲,Proud,Leader + Dirt + Direction + Winter
茎,Stem,Flowers + Tombstone
旦,Dawn,Dawn
惜,Frugal,Soul + Long Ago
尿,"Urine, Pee",Flag + Water
癒,"Healing, Cure",Sick + Death Star + Heart
悼,"Grieve, Mourn",Soul + Toe + Early
憂,Grief,Ground + Self + Forehead + Heart + Winter
栃,Horse Chestnut,Tree + Cliff + Ten Thousand
髄,"Marrow, Bone Marrow",Bone + Treadmill + Have
那,What,Sword + Two + Building
抹,Erase,Fingers + Jet
累,Accumulate,Rice Paddy + Thread
粗,Coarse,Rice + Top Hat
憾,"Remorse, Regret",Soul + Feeling
之,This,Hills + Drop
赴,"Proceed, Move On",Run + Toe
伏,"Bow, Lay",Leader + Dog
栓,"Cork, Plug",Tree + Hat + King
鎮,Tranquilize,Gold + Reality
傍,"Nearby, Side",Leader + Lid + Fins + Forehead + Direction
瑛,Crystal,King + Flowers + Center
遼,Distant,Treadmill + Charcoal
奉,Dedicate,Train + Two + Stick
脊,"Stature, Height",Two + Person + Moon
昌,Prosperous,Sun
弥,Increasing,Bow + Gun + Small
佳,"Excellent, Skilled",Leader + Dirt
凝,"Congeal, Freeze, Absorbed In",Ice + Doubt
該,"The Above, That Specifically",Say + Slice
朴,"Simple, Crude",Tree + Toe
循,"Circulation, Sequential",Loiter + Cliff + Pope
郭,Enclosure,Sock + Building
愉,Pleasant,Soul + Death Star
虜,Captive,Tiger + Man
賓,"VIP, Guest",Roof + Ground + Few + Shellfish
龍,"Imperial, Dragon",Imperial
碑,Tombstone,Stone + Drop + Rice Paddy + Cross
呉,"Give, Do For",Catapult
穀,Grain,Samurai + Forehead + Grain + Weapon
陵,"Mausoleum, Tomb",Building + Frostbite
縛,"Bind, Retrain",Thread + Drop + Specialty
飽,"Bored, Sated",Eat + Wrap
洪,Flood,Tsunami + Together
搾,Squeeze,Fingers + Hole + Key
窮,Destitute,Hole + Body + Bow
猶,Still,Animal + Horns + Alcohol
宰,Manager,Roof + Spicy
拍,Beat,Fingers + White
庸,Common,Mullet + Brush + Task
恭,Respect,Together + Small + Drop
錯,"Confused, Mixed",Gold + Blackjack + Sun
縫,Sew,Thread + Winter + Treadmill + Signpost
弦,"Chord, Bowstring",Bow + Mysterious
凡,Mediocre,Table + Drop
遥,"Far Off, Far Away",Treadmill + Satellite
尉,"Military Officer, Military Rank",Flag + Jackhammer + Measurement
摂,In Addition,Fingers + Ear + Explosion
智,Wisdom,Arrow + Mouth + Sun
舶,Ship,Boat + White
紳,Gentleman,Thread + Humble
蝶,Butterfly,Insect + World + Tree
轄,Control,Car + Roof + Life + Mouth
悦,"Delight, Joy",Soul + Guard
柴,"Brushwood, Firewood",Stop + Spoon + Tree
匠,Artisan,Cage + Axe
凛,Cold,Ice + Lid + Times + Jackhammer
嘉,Esteem,Drum + Power + Mouth
靖,Peaceful,Stand + Blue
寂,Lonely,Roof + Above + Small + Stool
窒,Suffocate,Hole + Mole
弊,Evil,penguin + Twenty
漬,"Pickle, Soak",Tsunami + Life + Shellfish
喝,Scold,Mouth + Sun + Prison + Spoon
羅,"Spread Out, Arrange",Net + Thread + Turkey
腸,"Intestines, Guts",Moon + Easy
膜,Membrane,Moon + Greenhouse
胎,"Womb, Uterus",Moon + Machine
遮,Intercept,Treadmill + Hick + Boil
醸,Brew,Alcohol + Nurse
酵,Ferment,Alcohol + Teacher
哉,"Question Mark, ?",Dirt + Mouth + Drunkard
蒼,"Pale, Blue",Flowers + Warehouse
伐,"Fell, Attack",Leader + Drunkard
旋,"Rotation, Revolution",Direction + Gun + Coat Rack
瑠,Lapis Lazuli,King + Private + Sword + Rice Paddy
敢,Daring,Elf + Winter
凹,"Concave, Hollow",Concave
鼓,Beat,Drum + Branch
萌,Sprout,Flowers + Bright
盲,Blind,Death + Eye
楓,Maple,Tree + Wind
峡,Ravine,Mountain + Husband + Horns
凸,"Convex, Uneven",Convex
俸,Salary,Leader + Train + Two + Stick
衡,Equilibrium,Go + Prison + Rice Paddy + Big
遍,Universal,Treadmill + Library
紺,"Navy, Dark Blue",Thread + Sweet
弔,Condolence,Bow + Stick
堕,Degenerate,Building + Have + Dirt
坪,Two Mat Area,Dirt + Peace
閲,Inspection,Gate + Guard
槽,"Tank, Vat",Tree + Ground + Music + Sun
乙,"Latter, B",Nose
款,Article,Samurai + Jackhammer + Lack
賊,Robber,Shellfish + Drunkard + Cross
烏,Crow,Bird
菅,Sedge,Flowers + Roof + Bear
絹,Silk,Thread + Mouth + Moon
酌,Serve,Alcohol + Pool
迭,Alternate,Treadmill + Fault
嘱,"Request, Entrust",Mouth + Flag + Mantis
錠,Lock,Gold + Roof + Coat Rack
鶏,Chicken,Cleat + Husband + Bird
媒,Mediator,Woman + Sweet + Tree
享,Receive,Sock
濁,"Muddy, Impure",Tsunami + Net + Prison + Insect
憤,Resent,Soul + Cross + Flowers + Shellfish
戯,Play,Tiger + Spikes + Drunkard
漣,Ripples,Tsunami + Treadmill + Car
奔,"Run, Bustle",Big + Cross + Twenty
慨,Sigh,Soul + Root + Fang
陪,Accompany,Building + Clown
藩,Fiefdom,Flowers + Tsunami + Number
殻,"Husk, Shell",Samurai + Forehead + Table + Weapon
朽,"Rot, Decay",Tree + Ground + Prison
肖,Resemblance,Triceratops + Moon
淑,Graceful,Tsunami + Above + Small + Stool
忌,Mourning,Oneself + Heart
窃,Steal,Hole + Seven + Sword
暁,Dawn,Sun + Gambler
赦,Pardon,Red + Winter
硫,Sulfur,Stone + Boob + River
椎,Oak,Tree + Turkey
璃,Glassy,King + Rocket
剖,Divide,Clown + Knife
扶,Aid,Fingers + Husband
瑞,Congratulations,King + Mountain + Rake
帆,Sail,Towel + Table + Drop
傑,"Greatness, Excellence",Leader + Dance + Tree
譜,"Genealogy, Score",Say + Line Up + Sun
凌,Endure,Ice + Frostbite
姻,"Marry, Matrimony",Woman + Mouth + Big
憧,"Long For, Yearn",Soul + Stand + Village
甚,"Very, Great",Crab Trap
鋳,"Cast, Casting",Gold + Slide + Three + Measurement
汰,Select,Tsunami + Fat
慶,Congratulate,Mullet + Helicopter + Barb + Heart + Winter
蔑,"Scorn, Neglect",Flowers + Net + Slide + Drunkard + Drop
胆,Guts,Moon + Dawn
閑,Leisure,Gate + Tree
睦,Friendly,Eye + Womb
擬,Imitate,Fingers + Doubt
叔,Uncle. Aunt,Above + Small + Stool
屯,Barracks,Barracks
礁,Reef,Stone + Turkey + Boil
亜,Asia,Tie Fighter
沙,Sand,Tsunami + Few
酪,Dairy,Alcohol + Kiss
曹,Official,Ground + Music + Sun
漆,"Lacquer, Varnish",Tsunami + Tree + Hat + Water
梓,Wood Block,Tree + Spicy
岬,Cape,Mountain + Turtle Shell
吟,Recital,Mouth + Now
遷,Transition,Treadmill + Helicopter + Big + Oneself
侮,Despise,Leader + Every
堪,Endure,Dirt + Crab Trap
雌,Female,Stop + Spoon + Turkey
崇,"Worship, Revere",Mountain + Roof + Jackhammer
峠,Ridge,Mountain + Above + Below
禍,"Evil, Misfortune",Spirit + Mustache
卑,"Lowly, Base",Drop + Rice Paddy + Cross
拙,Clumsy,Fingers + Exit
紡,Spinning,Thread + Direction
詠,"Compose, Recite",Say + Water + Drop
篤,Deliberate,Bamboo + Horse
浪,Wander,Tsunami + Good
唄,Shamisen Song,Mouth + Shellfish
某,Certain,Sweet + Tree
囚,Criminal,Mouth + Person
廉,Bargain,Mullet + Mona Lisa
桟,Jetty,Tree + Bar
寡,Widow,Roof + Geoduck + Ground + Sword
渓,Valley,Tsunami + Cleat + Husband
煩,Annoy,Fire + Geoduck
醜,Ugly,Alcohol + Demon
逝,Die,Treadmill + Fingers + Axe
倹,Thrifty. Frugal,Leader + Squid
漸,Gradually,Tsunami + Car + Axe
痢,Diarrhea,Sick + Grain + Knife
匿,Hide,Cage + Flowers + Right
狐,Fox,Animal + Melon
湧,Well,Tsunami + Courage
殉,Martyr,Yakuza + Prison + Sun
慕,"Yearn For, Adore",Greenhouse + Small + Drop
拷,Torture,Fingers + Coffin + Beggar
蛮,Barbarian,Red + Insect
坑,Pit,Dirt + Lid + Table
升,"Grid, Measure",Slide + Twenty
妄,Reckless,Death + Woman
泌,Secrete,Tsunami + Certain
婿,Groom,Woman + Coat Rack + Moon
藻,Seaweed,Flowers + Tsunami + Syrup
謹,Humble,Say + Boot
畔,Shore,Rice Paddy + Half
藍,Indigo,Flowers + Oversee
矯,Correct,Arrow + Heaven + Mouth + Mustache
劾,Censure,Slice + Power
罷,Quit,Net + Ability